--
-- PostgreSQL database dump
--

-- Dumped from database version 15.1
-- Dumped by pg_dump version 15.1

-- Started on 2023-05-01 07:32:30

SET statement_timeout = 0;
SET lock_timeout = 0;
SET idle_in_transaction_session_timeout = 0;
SET client_encoding = 'UTF8';
SET standard_conforming_strings = on;
SELECT pg_catalog.set_config('search_path', '', false);
SET check_function_bodies = false;
SET xmloption = content;
SET client_min_messages = warning;
SET row_security = off;

SET default_tablespace = '';

SET default_table_access_method = heap;

--
-- TOC entry 214 (class 1259 OID 114711)
-- Name: account_emailaddress; Type: TABLE; Schema: public; Owner: edp
--

CREATE TABLE public.account_emailaddress (
    id integer NOT NULL,
    email character varying(254) NOT NULL,
    verified boolean NOT NULL,
    "primary" boolean NOT NULL,
    user_id integer NOT NULL
);


ALTER TABLE public.account_emailaddress OWNER TO edp;

--
-- TOC entry 215 (class 1259 OID 114714)
-- Name: account_emailaddress_id_seq; Type: SEQUENCE; Schema: public; Owner: edp
--

ALTER TABLE public.account_emailaddress ALTER COLUMN id ADD GENERATED BY DEFAULT AS IDENTITY (
    SEQUENCE NAME public.account_emailaddress_id_seq
    START WITH 1
    INCREMENT BY 1
    NO MINVALUE
    NO MAXVALUE
    CACHE 1
);


--
-- TOC entry 216 (class 1259 OID 114715)
-- Name: account_emailconfirmation; Type: TABLE; Schema: public; Owner: edp
--

CREATE TABLE public.account_emailconfirmation (
    id integer NOT NULL,
    created timestamp with time zone NOT NULL,
    sent timestamp with time zone,
    key character varying(64) NOT NULL,
    email_address_id integer NOT NULL
);


ALTER TABLE public.account_emailconfirmation OWNER TO edp;

--
-- TOC entry 217 (class 1259 OID 114718)
-- Name: account_emailconfirmation_id_seq; Type: SEQUENCE; Schema: public; Owner: edp
--

ALTER TABLE public.account_emailconfirmation ALTER COLUMN id ADD GENERATED BY DEFAULT AS IDENTITY (
    SEQUENCE NAME public.account_emailconfirmation_id_seq
    START WITH 1
    INCREMENT BY 1
    NO MINVALUE
    NO MAXVALUE
    CACHE 1
);


--
-- TOC entry 218 (class 1259 OID 114719)
-- Name: auth_group; Type: TABLE; Schema: public; Owner: edp
--

CREATE TABLE public.auth_group (
    id integer NOT NULL,
    name character varying(150) NOT NULL
);


ALTER TABLE public.auth_group OWNER TO edp;

--
-- TOC entry 219 (class 1259 OID 114722)
-- Name: auth_group_id_seq; Type: SEQUENCE; Schema: public; Owner: edp
--

ALTER TABLE public.auth_group ALTER COLUMN id ADD GENERATED BY DEFAULT AS IDENTITY (
    SEQUENCE NAME public.auth_group_id_seq
    START WITH 1
    INCREMENT BY 1
    NO MINVALUE
    NO MAXVALUE
    CACHE 1
);


--
-- TOC entry 220 (class 1259 OID 114723)
-- Name: auth_group_permissions; Type: TABLE; Schema: public; Owner: edp
--

CREATE TABLE public.auth_group_permissions (
    id bigint NOT NULL,
    group_id integer NOT NULL,
    permission_id integer NOT NULL
);


ALTER TABLE public.auth_group_permissions OWNER TO edp;

--
-- TOC entry 221 (class 1259 OID 114726)
-- Name: auth_group_permissions_id_seq; Type: SEQUENCE; Schema: public; Owner: edp
--

ALTER TABLE public.auth_group_permissions ALTER COLUMN id ADD GENERATED BY DEFAULT AS IDENTITY (
    SEQUENCE NAME public.auth_group_permissions_id_seq
    START WITH 1
    INCREMENT BY 1
    NO MINVALUE
    NO MAXVALUE
    CACHE 1
);


--
-- TOC entry 222 (class 1259 OID 114727)
-- Name: auth_permission; Type: TABLE; Schema: public; Owner: edp
--

CREATE TABLE public.auth_permission (
    id integer NOT NULL,
    name character varying(255) NOT NULL,
    content_type_id integer NOT NULL,
    codename character varying(100) NOT NULL
);


ALTER TABLE public.auth_permission OWNER TO edp;

--
-- TOC entry 223 (class 1259 OID 114730)
-- Name: auth_permission_id_seq; Type: SEQUENCE; Schema: public; Owner: edp
--

ALTER TABLE public.auth_permission ALTER COLUMN id ADD GENERATED BY DEFAULT AS IDENTITY (
    SEQUENCE NAME public.auth_permission_id_seq
    START WITH 1
    INCREMENT BY 1
    NO MINVALUE
    NO MAXVALUE
    CACHE 1
);


--
-- TOC entry 224 (class 1259 OID 114731)
-- Name: auth_user; Type: TABLE; Schema: public; Owner: edp
--

CREATE TABLE public.auth_user (
    id integer NOT NULL,
    password character varying(128) NOT NULL,
    last_login timestamp with time zone,
    is_superuser boolean NOT NULL,
    username character varying(150) NOT NULL,
    first_name character varying(150) NOT NULL,
    last_name character varying(150) NOT NULL,
    email character varying(254) NOT NULL,
    is_staff boolean NOT NULL,
    is_active boolean NOT NULL,
    date_joined timestamp with time zone NOT NULL
);


ALTER TABLE public.auth_user OWNER TO edp;

--
-- TOC entry 225 (class 1259 OID 114736)
-- Name: auth_user_groups; Type: TABLE; Schema: public; Owner: edp
--

CREATE TABLE public.auth_user_groups (
    id bigint NOT NULL,
    user_id integer NOT NULL,
    group_id integer NOT NULL
);


ALTER TABLE public.auth_user_groups OWNER TO edp;

--
-- TOC entry 226 (class 1259 OID 114739)
-- Name: auth_user_groups_id_seq; Type: SEQUENCE; Schema: public; Owner: edp
--

ALTER TABLE public.auth_user_groups ALTER COLUMN id ADD GENERATED BY DEFAULT AS IDENTITY (
    SEQUENCE NAME public.auth_user_groups_id_seq
    START WITH 1
    INCREMENT BY 1
    NO MINVALUE
    NO MAXVALUE
    CACHE 1
);


--
-- TOC entry 227 (class 1259 OID 114740)
-- Name: auth_user_id_seq; Type: SEQUENCE; Schema: public; Owner: edp
--

ALTER TABLE public.auth_user ALTER COLUMN id ADD GENERATED BY DEFAULT AS IDENTITY (
    SEQUENCE NAME public.auth_user_id_seq
    START WITH 1
    INCREMENT BY 1
    NO MINVALUE
    NO MAXVALUE
    CACHE 1
);


--
-- TOC entry 228 (class 1259 OID 114741)
-- Name: auth_user_user_permissions; Type: TABLE; Schema: public; Owner: edp
--

CREATE TABLE public.auth_user_user_permissions (
    id bigint NOT NULL,
    user_id integer NOT NULL,
    permission_id integer NOT NULL
);


ALTER TABLE public.auth_user_user_permissions OWNER TO edp;

--
-- TOC entry 229 (class 1259 OID 114744)
-- Name: auth_user_user_permissions_id_seq; Type: SEQUENCE; Schema: public; Owner: edp
--

ALTER TABLE public.auth_user_user_permissions ALTER COLUMN id ADD GENERATED BY DEFAULT AS IDENTITY (
    SEQUENCE NAME public.auth_user_user_permissions_id_seq
    START WITH 1
    INCREMENT BY 1
    NO MINVALUE
    NO MAXVALUE
    CACHE 1
);


--
-- TOC entry 230 (class 1259 OID 114745)
-- Name: authtoken_token; Type: TABLE; Schema: public; Owner: edp
--

CREATE TABLE public.authtoken_token (
    key character varying(40) NOT NULL,
    created timestamp with time zone NOT NULL,
    user_id integer NOT NULL
);


ALTER TABLE public.authtoken_token OWNER TO edp;

--
-- TOC entry 231 (class 1259 OID 114748)
-- Name: django_admin_log; Type: TABLE; Schema: public; Owner: edp
--

CREATE TABLE public.django_admin_log (
    id integer NOT NULL,
    action_time timestamp with time zone NOT NULL,
    object_id text,
    object_repr character varying(200) NOT NULL,
    action_flag smallint NOT NULL,
    change_message text NOT NULL,
    content_type_id integer,
    user_id integer NOT NULL,
    CONSTRAINT django_admin_log_action_flag_check CHECK ((action_flag >= 0))
);


ALTER TABLE public.django_admin_log OWNER TO edp;

--
-- TOC entry 232 (class 1259 OID 114754)
-- Name: django_admin_log_id_seq; Type: SEQUENCE; Schema: public; Owner: edp
--

ALTER TABLE public.django_admin_log ALTER COLUMN id ADD GENERATED BY DEFAULT AS IDENTITY (
    SEQUENCE NAME public.django_admin_log_id_seq
    START WITH 1
    INCREMENT BY 1
    NO MINVALUE
    NO MAXVALUE
    CACHE 1
);


--
-- TOC entry 233 (class 1259 OID 114755)
-- Name: django_content_type; Type: TABLE; Schema: public; Owner: edp
--

CREATE TABLE public.django_content_type (
    id integer NOT NULL,
    app_label character varying(100) NOT NULL,
    model character varying(100) NOT NULL
);


ALTER TABLE public.django_content_type OWNER TO edp;

--
-- TOC entry 234 (class 1259 OID 114758)
-- Name: django_content_type_id_seq; Type: SEQUENCE; Schema: public; Owner: edp
--

ALTER TABLE public.django_content_type ALTER COLUMN id ADD GENERATED BY DEFAULT AS IDENTITY (
    SEQUENCE NAME public.django_content_type_id_seq
    START WITH 1
    INCREMENT BY 1
    NO MINVALUE
    NO MAXVALUE
    CACHE 1
);


--
-- TOC entry 235 (class 1259 OID 114759)
-- Name: django_migrations; Type: TABLE; Schema: public; Owner: edp
--

CREATE TABLE public.django_migrations (
    id bigint NOT NULL,
    app character varying(255) NOT NULL,
    name character varying(255) NOT NULL,
    applied timestamp with time zone NOT NULL
);


ALTER TABLE public.django_migrations OWNER TO edp;

--
-- TOC entry 236 (class 1259 OID 114764)
-- Name: django_migrations_id_seq; Type: SEQUENCE; Schema: public; Owner: edp
--

ALTER TABLE public.django_migrations ALTER COLUMN id ADD GENERATED BY DEFAULT AS IDENTITY (
    SEQUENCE NAME public.django_migrations_id_seq
    START WITH 1
    INCREMENT BY 1
    NO MINVALUE
    NO MAXVALUE
    CACHE 1
);


--
-- TOC entry 237 (class 1259 OID 114765)
-- Name: django_session; Type: TABLE; Schema: public; Owner: edp
--

CREATE TABLE public.django_session (
    session_key character varying(40) NOT NULL,
    session_data text NOT NULL,
    expire_date timestamp with time zone NOT NULL
);


ALTER TABLE public.django_session OWNER TO edp;

--
-- TOC entry 238 (class 1259 OID 114770)
-- Name: speed_penalty; Type: TABLE; Schema: public; Owner: edp
--

CREATE TABLE public.speed_penalty (
    id bigint NOT NULL,
    latitude numeric(9,6) NOT NULL,
    longitude numeric(9,6) NOT NULL,
    speed integer NOT NULL,
    "limit" integer NOT NULL,
    date timestamp with time zone NOT NULL,
    vehicle_id character varying(100) NOT NULL,
    user_id integer NOT NULL
);


ALTER TABLE public.speed_penalty OWNER TO edp;

--
-- TOC entry 239 (class 1259 OID 114773)
-- Name: speed_penalty_id_seq; Type: SEQUENCE; Schema: public; Owner: edp
--

ALTER TABLE public.speed_penalty ALTER COLUMN id ADD GENERATED BY DEFAULT AS IDENTITY (
    SEQUENCE NAME public.speed_penalty_id_seq
    START WITH 1
    INCREMENT BY 1
    NO MINVALUE
    NO MAXVALUE
    CACHE 1
);


--
-- TOC entry 240 (class 1259 OID 114774)
-- Name: speed_speedlimit; Type: TABLE; Schema: public; Owner: edp
--

CREATE TABLE public.speed_speedlimit (
    id bigint NOT NULL,
    latitude numeric(9,6) NOT NULL,
    longitude numeric(9,6) NOT NULL,
    "limit" integer NOT NULL
);


ALTER TABLE public.speed_speedlimit OWNER TO edp;

--
-- TOC entry 241 (class 1259 OID 114777)
-- Name: speed_speedlimit_id_seq; Type: SEQUENCE; Schema: public; Owner: edp
--

ALTER TABLE public.speed_speedlimit ALTER COLUMN id ADD GENERATED BY DEFAULT AS IDENTITY (
    SEQUENCE NAME public.speed_speedlimit_id_seq
    START WITH 1
    INCREMENT BY 1
    NO MINVALUE
    NO MAXVALUE
    CACHE 1
);


--
-- TOC entry 242 (class 1259 OID 114778)
-- Name: speed_userinfo; Type: TABLE; Schema: public; Owner: edp
--

CREATE TABLE public.speed_userinfo (
    date_of_birth date NOT NULL,
    address text NOT NULL,
    phone_no bigint,
    date_modified timestamp with time zone,
    user_id integer NOT NULL,
    id character varying(20) NOT NULL
);


ALTER TABLE public.speed_userinfo OWNER TO edp;

--
-- TOC entry 243 (class 1259 OID 114783)
-- Name: speed_vehicle; Type: TABLE; Schema: public; Owner: edp
--

CREATE TABLE public.speed_vehicle (
    register_no character varying(100) NOT NULL,
    "desc" character varying(100) NOT NULL
);


ALTER TABLE public.speed_vehicle OWNER TO edp;

--
-- TOC entry 245 (class 1259 OID 114946)
-- Name: speed_vehicle_user; Type: TABLE; Schema: public; Owner: edp
--

CREATE TABLE public.speed_vehicle_user (
    id bigint NOT NULL,
    vehicle_id character varying(100) NOT NULL,
    user_id integer NOT NULL
);


ALTER TABLE public.speed_vehicle_user OWNER TO edp;

--
-- TOC entry 244 (class 1259 OID 114945)
-- Name: speed_vehicle_user_id_seq; Type: SEQUENCE; Schema: public; Owner: edp
--

ALTER TABLE public.speed_vehicle_user ALTER COLUMN id ADD GENERATED BY DEFAULT AS IDENTITY (
    SEQUENCE NAME public.speed_vehicle_user_id_seq
    START WITH 1
    INCREMENT BY 1
    NO MINVALUE
    NO MAXVALUE
    CACHE 1
);


--
-- TOC entry 3497 (class 0 OID 114711)
-- Dependencies: 214
-- Data for Name: account_emailaddress; Type: TABLE DATA; Schema: public; Owner: edp
--

COPY public.account_emailaddress (id, email, verified, "primary", user_id) FROM stdin;
\.


--
-- TOC entry 3499 (class 0 OID 114715)
-- Dependencies: 216
-- Data for Name: account_emailconfirmation; Type: TABLE DATA; Schema: public; Owner: edp
--

COPY public.account_emailconfirmation (id, created, sent, key, email_address_id) FROM stdin;
\.


--
-- TOC entry 3501 (class 0 OID 114719)
-- Dependencies: 218
-- Data for Name: auth_group; Type: TABLE DATA; Schema: public; Owner: edp
--

COPY public.auth_group (id, name) FROM stdin;
\.


--
-- TOC entry 3503 (class 0 OID 114723)
-- Dependencies: 220
-- Data for Name: auth_group_permissions; Type: TABLE DATA; Schema: public; Owner: edp
--

COPY public.auth_group_permissions (id, group_id, permission_id) FROM stdin;
\.


--
-- TOC entry 3505 (class 0 OID 114727)
-- Dependencies: 222
-- Data for Name: auth_permission; Type: TABLE DATA; Schema: public; Owner: edp
--

COPY public.auth_permission (id, name, content_type_id, codename) FROM stdin;
1	Can add speed limit	1	add_speedlimit
2	Can change speed limit	1	change_speedlimit
3	Can delete speed limit	1	delete_speedlimit
4	Can view speed limit	1	view_speedlimit
5	Can add vehicle	2	add_vehicle
6	Can change vehicle	2	change_vehicle
7	Can delete vehicle	2	delete_vehicle
8	Can view vehicle	2	view_vehicle
9	Can add user info	3	add_userinfo
10	Can change user info	3	change_userinfo
11	Can delete user info	3	delete_userinfo
12	Can view user info	3	view_userinfo
13	Can add log entry	4	add_logentry
14	Can change log entry	4	change_logentry
15	Can delete log entry	4	delete_logentry
16	Can view log entry	4	view_logentry
17	Can add permission	5	add_permission
18	Can change permission	5	change_permission
19	Can delete permission	5	delete_permission
20	Can view permission	5	view_permission
21	Can add group	6	add_group
22	Can change group	6	change_group
23	Can delete group	6	delete_group
24	Can view group	6	view_group
25	Can add user	7	add_user
26	Can change user	7	change_user
27	Can delete user	7	delete_user
28	Can view user	7	view_user
29	Can add content type	8	add_contenttype
30	Can change content type	8	change_contenttype
31	Can delete content type	8	delete_contenttype
32	Can view content type	8	view_contenttype
33	Can add session	9	add_session
34	Can change session	9	change_session
35	Can delete session	9	delete_session
36	Can view session	9	view_session
37	Can add Token	10	add_token
38	Can change Token	10	change_token
39	Can delete Token	10	delete_token
40	Can view Token	10	view_token
41	Can add token	11	add_tokenproxy
42	Can change token	11	change_tokenproxy
43	Can delete token	11	delete_tokenproxy
44	Can view token	11	view_tokenproxy
45	Can add email address	12	add_emailaddress
46	Can change email address	12	change_emailaddress
47	Can delete email address	12	delete_emailaddress
48	Can view email address	12	view_emailaddress
49	Can add email confirmation	13	add_emailconfirmation
50	Can change email confirmation	13	change_emailconfirmation
51	Can delete email confirmation	13	delete_emailconfirmation
52	Can view email confirmation	13	view_emailconfirmation
53	Can add penalty	14	add_penalty
54	Can change penalty	14	change_penalty
55	Can delete penalty	14	delete_penalty
56	Can view penalty	14	view_penalty
57	Can add department info	15	add_departmentinfo
58	Can change department info	15	change_departmentinfo
59	Can delete department info	15	delete_departmentinfo
60	Can view department info	15	view_departmentinfo
\.


--
-- TOC entry 3507 (class 0 OID 114731)
-- Dependencies: 224
-- Data for Name: auth_user; Type: TABLE DATA; Schema: public; Owner: edp
--

COPY public.auth_user (id, password, last_login, is_superuser, username, first_name, last_name, email, is_staff, is_active, date_joined) FROM stdin;
2	pbkdf2_sha256$390000$tqnAJ2pn7ukculNPtjOMxJ$sDLZkge12mzDGXqqu4XlURihemqz1TEB1riQD6E0g3Y=	2023-03-29 01:04:56+05:30	f	test	Tushar	Trivedi	tushar3297@gmail.com	f	t	2023-03-29 01:04:59+05:30
1	pbkdf2_sha256$390000$Bza1Wk4xAyxg8fZddlyh8v$3As2b9wrDidLEQXF1wIH7DKcGMzpxqIR4N2nD6ZuA8Y=	2023-05-01 07:19:42.998801+05:30	t	ujjawal	UJJAWAL	LELE	ujjawallele13@gmail.com	t	t	2023-03-25 03:27:36+05:30
\.


--
-- TOC entry 3508 (class 0 OID 114736)
-- Dependencies: 225
-- Data for Name: auth_user_groups; Type: TABLE DATA; Schema: public; Owner: edp
--

COPY public.auth_user_groups (id, user_id, group_id) FROM stdin;
\.


--
-- TOC entry 3511 (class 0 OID 114741)
-- Dependencies: 228
-- Data for Name: auth_user_user_permissions; Type: TABLE DATA; Schema: public; Owner: edp
--

COPY public.auth_user_user_permissions (id, user_id, permission_id) FROM stdin;
\.


--
-- TOC entry 3513 (class 0 OID 114745)
-- Dependencies: 230
-- Data for Name: authtoken_token; Type: TABLE DATA; Schema: public; Owner: edp
--

COPY public.authtoken_token (key, created, user_id) FROM stdin;
96e549efe983c8e499594239517298d7c0e97309	2023-03-25 03:57:12.505364+05:30	1
203d4fdbb342c7e8a0489f871bca8b7a036bb29b	2023-03-29 01:37:29.641375+05:30	2
\.


--
-- TOC entry 3514 (class 0 OID 114748)
-- Dependencies: 231
-- Data for Name: django_admin_log; Type: TABLE DATA; Schema: public; Owner: edp
--

COPY public.django_admin_log (id, action_time, object_id, object_repr, action_flag, change_message, content_type_id, user_id) FROM stdin;
1	2023-03-25 03:28:58.865215+05:30	1	SpeedLimit object (1)	1	[{"added": {}}]	1	1
2	2023-03-25 04:08:34.908163+05:30	2	SpeedLimit object (2)	1	[{"added": {}}]	1	1
3	2023-03-25 04:08:59.324826+05:30	3	SpeedLimit object (3)	1	[{"added": {}}]	1	1
4	2023-03-25 14:00:09.635438+05:30	MP 20 AA 7106	Vehicle object (MP 20 AA 7106)	1	[{"added": {}}]	2	1
5	2023-03-25 16:01:46.040262+05:30	1	Penalty object (1)	1	[{"added": {}}]	14	1
6	2023-03-25 16:18:22.171711+05:30	1	Penalty object (1)	2	[{"changed": {"fields": ["User", "Date"]}}]	14	1
7	2023-03-29 00:05:48.794784+05:30	1	UserInfo object (1)	1	[{"added": {}}]	3	1
8	2023-03-29 00:32:06.319658+05:30	1	20BCS234@iiitdmj.ac.in	2	[{"changed": {"fields": ["Username", "First name", "Last name", "Email address"]}}]	7	1
9	2023-03-29 01:04:03.911645+05:30	2	test	1	[{"added": {}}]	7	1
10	2023-03-29 01:05:01.780268+05:30	2	test	2	[{"changed": {"fields": ["First name", "Last name", "Email address", "Last login", "Date joined"]}}]	7	1
11	2023-03-29 01:05:30.843308+05:30	1	ujjawal	2	[{"changed": {"fields": ["Username"]}}]	7	1
12	2023-03-29 01:06:28.572821+05:30	2	2 - test	1	[{"added": {}}]	3	1
13	2023-03-29 16:13:43.103386+05:30	1	UserInfo object (1)	1	[{"added": {}}]	3	1
14	2023-03-29 16:55:18.450553+05:30	2	UserInfo object (2)	1	[{"added": {}}]	3	1
15	2023-03-30 15:49:54.63653+05:30	MP 20 DA 7009	Vehicle object (MP 20 DA 7009)	1	[{"added": {}}]	2	1
16	2023-03-30 15:50:34.636294+05:30	3	Penalty object (3)	1	[{"added": {}}]	14	1
17	2023-04-28 03:13:38.598364+05:30	MP 20 FF 9098	Vehicle object (MP 20 FF 9098)	1	[{"added": {}}]	2	1
18	2023-04-28 03:15:17.714016+05:30	9	Penalty object (9)	1	[{"added": {}}]	14	1
19	2023-04-28 03:22:46.976415+05:30	MP 20 DA 7009	Vehicle object (MP 20 DA 7009)	2	[{"changed": {"fields": ["User"]}}]	2	1
20	2023-04-28 03:22:53.401767+05:30	MP 20 AA 7106	Vehicle object (MP 20 AA 7106)	2	[{"changed": {"fields": ["User"]}}]	2	1
21	2023-04-28 03:46:28.01852+05:30	10	Penalty object (10)	1	[{"added": {}}]	14	1
22	2023-05-01 03:25:47.45662+05:30	22	Penalty object (22)	3		14	1
23	2023-05-01 03:25:47.46579+05:30	21	Penalty object (21)	3		14	1
24	2023-05-01 03:25:47.467707+05:30	20	Penalty object (20)	3		14	1
25	2023-05-01 03:25:47.469722+05:30	19	Penalty object (19)	3		14	1
26	2023-05-01 03:25:47.471695+05:30	18	Penalty object (18)	3		14	1
27	2023-05-01 03:25:47.47356+05:30	17	Penalty object (17)	3		14	1
28	2023-05-01 03:25:47.474718+05:30	16	Penalty object (16)	3		14	1
29	2023-05-01 03:25:47.475628+05:30	15	Penalty object (15)	3		14	1
30	2023-05-01 03:25:47.477059+05:30	14	Penalty object (14)	3		14	1
31	2023-05-01 03:25:47.479082+05:30	13	Penalty object (13)	3		14	1
32	2023-05-01 03:25:47.480283+05:30	12	Penalty object (12)	3		14	1
33	2023-05-01 03:25:47.480788+05:30	11	Penalty object (11)	3		14	1
34	2023-05-01 06:27:32.479301+05:30	3	SpeedLimit object (3)	3		1	1
35	2023-05-01 06:27:32.494254+05:30	2	SpeedLimit object (2)	3		1	1
36	2023-05-01 06:27:32.495252+05:30	1	SpeedLimit object (1)	3		1	1
37	2023-05-01 06:29:45.65367+05:30	4	SpeedLimit object (4)	1	[{"added": {}}]	1	1
38	2023-05-01 06:31:29.635601+05:30	5	SpeedLimit object (5)	1	[{"added": {}}]	1	1
39	2023-05-01 06:32:55.988102+05:30	6	SpeedLimit object (6)	1	[{"added": {}}]	1	1
40	2023-05-01 06:33:20.91388+05:30	7	SpeedLimit object (7)	1	[{"added": {}}]	1	1
41	2023-05-01 06:33:42.872183+05:30	8	SpeedLimit object (8)	1	[{"added": {}}]	1	1
42	2023-05-01 06:34:03.829863+05:30	9	SpeedLimit object (9)	1	[{"added": {}}]	1	1
43	2023-05-01 06:34:28.08336+05:30	10	SpeedLimit object (10)	1	[{"added": {}}]	1	1
44	2023-05-01 06:34:58.439412+05:30	11	SpeedLimit object (11)	1	[{"added": {}}]	1	1
45	2023-05-01 06:35:24.485394+05:30	12	SpeedLimit object (12)	1	[{"added": {}}]	1	1
46	2023-05-01 06:35:50.706766+05:30	13	SpeedLimit object (13)	1	[{"added": {}}]	1	1
47	2023-05-01 06:36:17.665088+05:30	14	SpeedLimit object (14)	1	[{"added": {}}]	1	1
\.


--
-- TOC entry 3516 (class 0 OID 114755)
-- Dependencies: 233
-- Data for Name: django_content_type; Type: TABLE DATA; Schema: public; Owner: edp
--

COPY public.django_content_type (id, app_label, model) FROM stdin;
1	speed	speedlimit
2	speed	vehicle
3	speed	userinfo
4	admin	logentry
5	auth	permission
6	auth	group
7	auth	user
8	contenttypes	contenttype
9	sessions	session
10	authtoken	token
11	authtoken	tokenproxy
12	account	emailaddress
13	account	emailconfirmation
14	speed	penalty
15	speed	departmentinfo
\.


--
-- TOC entry 3518 (class 0 OID 114759)
-- Dependencies: 235
-- Data for Name: django_migrations; Type: TABLE DATA; Schema: public; Owner: edp
--

COPY public.django_migrations (id, app, name, applied) FROM stdin;
1	contenttypes	0001_initial	2023-03-25 03:26:02.976624+05:30
2	auth	0001_initial	2023-03-25 03:26:03.158561+05:30
3	admin	0001_initial	2023-03-25 03:26:03.200564+05:30
4	admin	0002_logentry_remove_auto_add	2023-03-25 03:26:03.209556+05:30
5	admin	0003_logentry_add_action_flag_choices	2023-03-25 03:26:03.222505+05:30
6	contenttypes	0002_remove_content_type_name	2023-03-25 03:26:03.244373+05:30
7	auth	0002_alter_permission_name_max_length	2023-03-25 03:26:03.255345+05:30
8	auth	0003_alter_user_email_max_length	2023-03-25 03:26:03.270387+05:30
9	auth	0004_alter_user_username_opts	2023-03-25 03:26:03.282344+05:30
10	auth	0005_alter_user_last_login_null	2023-03-25 03:26:03.293308+05:30
11	auth	0006_require_contenttypes_0002	2023-03-25 03:26:03.297389+05:30
12	auth	0007_alter_validators_add_error_messages	2023-03-25 03:26:03.308036+05:30
13	auth	0008_alter_user_username_max_length	2023-03-25 03:26:03.332759+05:30
14	auth	0009_alter_user_last_name_max_length	2023-03-25 03:26:03.344782+05:30
15	auth	0010_alter_group_name_max_length	2023-03-25 03:26:03.359184+05:30
16	auth	0011_update_proxy_permissions	2023-03-25 03:26:03.370395+05:30
17	auth	0012_alter_user_first_name_max_length	2023-03-25 03:26:03.383367+05:30
18	sessions	0001_initial	2023-03-25 03:26:03.414266+05:30
19	speed	0001_initial	2023-03-25 03:26:03.501045+05:30
20	authtoken	0001_initial	2023-03-25 03:57:00.760416+05:30
21	authtoken	0002_auto_20160226_1747	2023-03-25 03:57:00.799589+05:30
22	authtoken	0003_tokenproxy	2023-03-25 03:57:00.804566+05:30
23	account	0001_initial	2023-03-25 04:41:31.887685+05:30
24	account	0002_email_max_length	2023-03-25 04:41:31.908621+05:30
25	speed	0002_penalty	2023-03-25 15:58:34.009586+05:30
26	speed	0003_penalty_user	2023-03-25 16:16:08.649698+05:30
27	speed	0004_alter_penalty_vehicle	2023-03-25 16:23:55.676123+05:30
28	speed	0005_alter_penalty_user_alter_penalty_vehicle	2023-03-25 16:28:31.803577+05:30
29	speed	0006_alter_penalty_user_alter_penalty_vehicle	2023-03-25 16:31:26.112487+05:30
31	speed	0008_remove_userinfo_id_alter_userinfo_user	2023-03-29 00:34:44.004509+05:30
33	speed	0007_alter_userinfo_id	2023-03-29 16:01:01.535211+05:30
34	speed	0008_remove_vehicle_user_vehicle_user	2023-04-28 03:13:15.77603+05:30
\.


--
-- TOC entry 3520 (class 0 OID 114765)
-- Dependencies: 237
-- Data for Name: django_session; Type: TABLE DATA; Schema: public; Owner: edp
--

COPY public.django_session (session_key, session_data, expire_date) FROM stdin;
p75f5msdy2knmdggzh0ta6f681z21cqy	.eJxVjDsOwjAQBe_iGln-bhxKes5gbbxeHEC2FCcV4u4QKQW0b2beS0Tc1hK3npc4kzgLLU6_24TpkesO6I711mRqdV3mSe6KPGiX10b5eTncv4OCvXxr4wEQHKXgLJNPzpnAXvvsQubJgko4mpEGIAOKEHXggdnaxNkCKBbvD9y-OBM:1pfpQC:v5yRbBQMqdmewRNkTH_rQuve2rhObwOlTzNu7crtnRk	2023-04-08 03:28:04.533939+05:30
fsx6rp7fdgb1pdq4esq1t97olkogud8c	.eJxVjDsOwjAQBe_iGln-bhxKes5gbbxeHEC2FCcV4u4QKQW0b2beS0Tc1hK3npc4kzgLLU6_24TpkesO6I711mRqdV3mSe6KPGiX10b5eTncv4OCvXxr4wEQHKXgLJNPzpnAXvvsQubJgko4mpEGIAOKEHXggdnaxNkCKBbvD9y-OBM:1phE9M:0A4uak8eXd7D14iMSjctZFstv2IGq_O9zGawi5BqiT0	2023-04-12 00:04:28.773721+05:30
c4bsnp0xk6fagpxujn3jg19fhfgn4abt	.eJxVjDsOwjAQBe_iGln-bhxKes5gbbxeHEC2FCcV4u4QKQW0b2beS0Tc1hK3npc4kzgLLU6_24TpkesO6I711mRqdV3mSe6KPGiX10b5eTncv4OCvXxr4wEQHKXgLJNPzpnAXvvsQubJgko4mpEGIAOKEHXggdnaxNkCKBbvD9y-OBM:1phGFU:pEVREhDxwJFhqoCY1iYDxJlsel3lmZao2GZkn6mawVo	2023-04-12 02:18:56.433867+05:30
p6iz6cgb3m2r7di5ndre9l6niiuhizs9	.eJxVjDsOwjAQBe_iGln-bhxKes5gbbxeHEC2FCcV4u4QKQW0b2beS0Tc1hK3npc4kzgLLU6_24TpkesO6I711mRqdV3mSe6KPGiX10b5eTncv4OCvXxr4wEQHKXgLJNPzpnAXvvsQubJgko4mpEGIAOKEHXggdnaxNkCKBbvD9y-OBM:1phGJC:aIfxA6pO4w9gyTtklaei80qPL4fd962hKYqobGTUOt4	2023-04-12 02:22:46.71579+05:30
ziiae8fybcpmp8jo6oz9syl4bfjmu8i0	.eJxVjDsOwjAQBe_iGln-bhxKes5gbbxeHEC2FCcV4u4QKQW0b2beS0Tc1hK3npc4kzgLLU6_24TpkesO6I711mRqdV3mSe6KPGiX10b5eTncv4OCvXxr4wEQHKXgLJNPzpnAXvvsQubJgko4mpEGIAOKEHXggdnaxNkCKBbvD9y-OBM:1phSHT:OWlgfDA_GBsl5u1MewQx3OYIHXCfGVZ256zW5E5WqcY	2023-04-12 15:09:47.044491+05:30
2nddwt0cnqjojvpxuybp0exwh9oznb4s	.eJxVjDsOwjAQBe_iGln-bhxKes5gbbxeHEC2FCcV4u4QKQW0b2beS0Tc1hK3npc4kzgLLU6_24TpkesO6I711mRqdV3mSe6KPGiX10b5eTncv4OCvXxr4wEQHKXgLJNPzpnAXvvsQubJgko4mpEGIAOKEHXggdnaxNkCKBbvD9y-OBM:1phpNK:nkOscb3N-55wXovnrZOOjXLUGTZESPsbtbw2DXWYAiU	2023-04-13 15:49:22.247368+05:30
x5bm24m5oysdjwg4vehmmdazmm4l4pcu	.eJxVjDsOwjAQBe_iGln-bhxKes5gbbxeHEC2FCcV4u4QKQW0b2beS0Tc1hK3npc4kzgLLU6_24TpkesO6I711mRqdV3mSe6KPGiX10b5eTncv4OCvXxr4wEQHKXgLJNPzpnAXvvsQubJgko4mpEGIAOKEHXggdnaxNkCKBbvD9y-OBM:1ppPgR:ik0l1OhMgFeXoJ4zbSNJnYCbnj6rivR3b1AtmygqB0M	2023-05-04 14:00:27.271048+05:30
p1exlh6gt5cs4t36hj0plbtnkrvqbbt4	.eJxVjDsOwjAQBe_iGln-bhxKes5gbbxeHEC2FCcV4u4QKQW0b2beS0Tc1hK3npc4kzgLLU6_24TpkesO6I711mRqdV3mSe6KPGiX10b5eTncv4OCvXxr4wEQHKXgLJNPzpnAXvvsQubJgko4mpEGIAOKEHXggdnaxNkCKBbvD9y-OBM:1ps7db:WSFYW_LpHTgukHX5vK0Y0L11NS3uZu8k5b5Em4yV8Dw	2023-05-12 01:20:43.254488+05:30
vvcrvrhcmqpf7wyca103yw9d95oo76s0	.eJxVjDsOwjAQBe_iGln-bhxKes5gbbxeHEC2FCcV4u4QKQW0b2beS0Tc1hK3npc4kzgLLU6_24TpkesO6I711mRqdV3mSe6KPGiX10b5eTncv4OCvXxr4wEQHKXgLJNPzpnAXvvsQubJgko4mpEGIAOKEHXggdnaxNkCKBbvD9y-OBM:1ptF0X:8_svvy50YhUaFqDsDfUdN__TJNaYkBGN1TWy1TSRHEs	2023-05-15 03:25:01.445841+05:30
hk3jq517b0k6k9qgqwsqvbxy2bcz7zru	.eJxVjDsOwjAQBe_iGln-bhxKes5gbbxeHEC2FCcV4u4QKQW0b2beS0Tc1hK3npc4kzgLLU6_24TpkesO6I711mRqdV3mSe6KPGiX10b5eTncv4OCvXxr4wEQHKXgLJNPzpnAXvvsQubJgko4mpEGIAOKEHXggdnaxNkCKBbvD9y-OBM:1ptIff:Rq20Q3avk6tSGdTboUO9avS4D_eDPCDski7AWbDDGy8	2023-05-15 07:19:43.003739+05:30
\.


--
-- TOC entry 3521 (class 0 OID 114770)
-- Dependencies: 238
-- Data for Name: speed_penalty; Type: TABLE DATA; Schema: public; Owner: edp
--

COPY public.speed_penalty (id, latitude, longitude, speed, "limit", date, vehicle_id, user_id) FROM stdin;
1	37.386339	-122.085823	130	120	2023-03-25 16:18:18+05:30	MP 20 AA 7106	1
2	37.388880	-122.777770	180	120	2023-03-25 16:31:34.927659+05:30	MP 20 AA 7106	1
3	122.230000	-89.540000	150	100	2023-03-30 15:50:05+05:30	MP 20 DA 7009	2
4	37.386339	-122.085823	200	100	2023-03-25 16:18:18+05:30	MP 20 AA 7106	1
5	37.386339	-122.085823	200	100	2023-03-25 16:18:18+05:30	MP 20 AA 7106	1
6	37.386339	-122.085823	200	100	2023-03-25 16:18:18+05:30	MP 20 DA 7009	1
7	37.386339	-122.085823	200	100	2023-03-25 16:18:18+05:30	MP 20 DA 7009	1
8	37.386339	-122.085823	200	100	2023-03-25 16:18:18+05:30	MP 20 DA 7009	2
9	23.177000	80.020000	100	50	2023-04-28 03:14:28+05:30	MP 20 FF 9098	2
10	23.170000	80.020000	100	60	2023-04-28 03:45:58+05:30	MP 20 FF 9098	1
\.


--
-- TOC entry 3523 (class 0 OID 114774)
-- Dependencies: 240
-- Data for Name: speed_speedlimit; Type: TABLE DATA; Schema: public; Owner: edp
--

COPY public.speed_speedlimit (id, latitude, longitude, "limit") FROM stdin;
4	23.176354	80.016790	3
5	23.176414	80.017140	5
6	23.176498	80.017583	7
7	23.176555	80.017804	8
8	23.176652	80.018157	6
9	23.176751	80.018444	4
10	23.176884	80.018818	2
11	23.177201	80.019609	2
12	23.177380	80.020273	4
13	23.177601	80.020783	5
14	23.177926	80.021184	2
\.


--
-- TOC entry 3525 (class 0 OID 114778)
-- Dependencies: 242
-- Data for Name: speed_userinfo; Type: TABLE DATA; Schema: public; Owner: edp
--

COPY public.speed_userinfo (date_of_birth, address, phone_no, date_modified, user_id, id) FROM stdin;
1970-01-01	IIIT	9999999999	2023-03-29 16:13:41+05:30	2	1
1970-01-01	IIIT	9999999999	2023-03-29 16:55:17+05:30	1	2
\.


--
-- TOC entry 3526 (class 0 OID 114783)
-- Dependencies: 243
-- Data for Name: speed_vehicle; Type: TABLE DATA; Schema: public; Owner: edp
--

COPY public.speed_vehicle (register_no, "desc") FROM stdin;
MP 20 FF 9098	Nano
MP 20 DA 7009	Mercedes
MP 20 AA 7106	Maruti Suzuki
MP 09 FA 9000	Fotuner
abc	def
7hbhd	hgf44
1257jlllll	skygi6906
\.


--
-- TOC entry 3528 (class 0 OID 114946)
-- Dependencies: 245
-- Data for Name: speed_vehicle_user; Type: TABLE DATA; Schema: public; Owner: edp
--

COPY public.speed_vehicle_user (id, vehicle_id, user_id) FROM stdin;
1	MP 20 FF 9098	2
2	MP 20 DA 7009	2
3	MP 20 AA 7106	1
4	MP 09 FA 9000	2
5	abc	2
6	7hbhd	2
7	1257jlllll	2
\.


--
-- TOC entry 3534 (class 0 OID 0)
-- Dependencies: 215
-- Name: account_emailaddress_id_seq; Type: SEQUENCE SET; Schema: public; Owner: edp
--

SELECT pg_catalog.setval('public.account_emailaddress_id_seq', 1, false);


--
-- TOC entry 3535 (class 0 OID 0)
-- Dependencies: 217
-- Name: account_emailconfirmation_id_seq; Type: SEQUENCE SET; Schema: public; Owner: edp
--

SELECT pg_catalog.setval('public.account_emailconfirmation_id_seq', 1, false);


--
-- TOC entry 3536 (class 0 OID 0)
-- Dependencies: 219
-- Name: auth_group_id_seq; Type: SEQUENCE SET; Schema: public; Owner: edp
--

SELECT pg_catalog.setval('public.auth_group_id_seq', 1, false);


--
-- TOC entry 3537 (class 0 OID 0)
-- Dependencies: 221
-- Name: auth_group_permissions_id_seq; Type: SEQUENCE SET; Schema: public; Owner: edp
--

SELECT pg_catalog.setval('public.auth_group_permissions_id_seq', 1, false);


--
-- TOC entry 3538 (class 0 OID 0)
-- Dependencies: 223
-- Name: auth_permission_id_seq; Type: SEQUENCE SET; Schema: public; Owner: edp
--

SELECT pg_catalog.setval('public.auth_permission_id_seq', 60, true);


--
-- TOC entry 3539 (class 0 OID 0)
-- Dependencies: 226
-- Name: auth_user_groups_id_seq; Type: SEQUENCE SET; Schema: public; Owner: edp
--

SELECT pg_catalog.setval('public.auth_user_groups_id_seq', 1, false);


--
-- TOC entry 3540 (class 0 OID 0)
-- Dependencies: 227
-- Name: auth_user_id_seq; Type: SEQUENCE SET; Schema: public; Owner: edp
--

SELECT pg_catalog.setval('public.auth_user_id_seq', 2, true);


--
-- TOC entry 3541 (class 0 OID 0)
-- Dependencies: 229
-- Name: auth_user_user_permissions_id_seq; Type: SEQUENCE SET; Schema: public; Owner: edp
--

SELECT pg_catalog.setval('public.auth_user_user_permissions_id_seq', 1, false);


--
-- TOC entry 3542 (class 0 OID 0)
-- Dependencies: 232
-- Name: django_admin_log_id_seq; Type: SEQUENCE SET; Schema: public; Owner: edp
--

SELECT pg_catalog.setval('public.django_admin_log_id_seq', 47, true);


--
-- TOC entry 3543 (class 0 OID 0)
-- Dependencies: 234
-- Name: django_content_type_id_seq; Type: SEQUENCE SET; Schema: public; Owner: edp
--

SELECT pg_catalog.setval('public.django_content_type_id_seq', 15, true);


--
-- TOC entry 3544 (class 0 OID 0)
-- Dependencies: 236
-- Name: django_migrations_id_seq; Type: SEQUENCE SET; Schema: public; Owner: edp
--

SELECT pg_catalog.setval('public.django_migrations_id_seq', 34, true);


--
-- TOC entry 3545 (class 0 OID 0)
-- Dependencies: 239
-- Name: speed_penalty_id_seq; Type: SEQUENCE SET; Schema: public; Owner: edp
--

SELECT pg_catalog.setval('public.speed_penalty_id_seq', 22, true);


--
-- TOC entry 3546 (class 0 OID 0)
-- Dependencies: 241
-- Name: speed_speedlimit_id_seq; Type: SEQUENCE SET; Schema: public; Owner: edp
--

SELECT pg_catalog.setval('public.speed_speedlimit_id_seq', 14, true);


--
-- TOC entry 3547 (class 0 OID 0)
-- Dependencies: 244
-- Name: speed_vehicle_user_id_seq; Type: SEQUENCE SET; Schema: public; Owner: edp
--

SELECT pg_catalog.setval('public.speed_vehicle_user_id_seq', 7, true);


--
-- TOC entry 3257 (class 2606 OID 114787)
-- Name: account_emailaddress account_emailaddress_email_key; Type: CONSTRAINT; Schema: public; Owner: edp
--

ALTER TABLE ONLY public.account_emailaddress
    ADD CONSTRAINT account_emailaddress_email_key UNIQUE (email);


--
-- TOC entry 3259 (class 2606 OID 114789)
-- Name: account_emailaddress account_emailaddress_pkey; Type: CONSTRAINT; Schema: public; Owner: edp
--

ALTER TABLE ONLY public.account_emailaddress
    ADD CONSTRAINT account_emailaddress_pkey PRIMARY KEY (id);


--
-- TOC entry 3264 (class 2606 OID 114791)
-- Name: account_emailconfirmation account_emailconfirmation_key_key; Type: CONSTRAINT; Schema: public; Owner: edp
--

ALTER TABLE ONLY public.account_emailconfirmation
    ADD CONSTRAINT account_emailconfirmation_key_key UNIQUE (key);


--
-- TOC entry 3266 (class 2606 OID 114793)
-- Name: account_emailconfirmation account_emailconfirmation_pkey; Type: CONSTRAINT; Schema: public; Owner: edp
--

ALTER TABLE ONLY public.account_emailconfirmation
    ADD CONSTRAINT account_emailconfirmation_pkey PRIMARY KEY (id);


--
-- TOC entry 3269 (class 2606 OID 114795)
-- Name: auth_group auth_group_name_key; Type: CONSTRAINT; Schema: public; Owner: edp
--

ALTER TABLE ONLY public.auth_group
    ADD CONSTRAINT auth_group_name_key UNIQUE (name);


--
-- TOC entry 3274 (class 2606 OID 114797)
-- Name: auth_group_permissions auth_group_permissions_group_id_permission_id_0cd325b0_uniq; Type: CONSTRAINT; Schema: public; Owner: edp
--

ALTER TABLE ONLY public.auth_group_permissions
    ADD CONSTRAINT auth_group_permissions_group_id_permission_id_0cd325b0_uniq UNIQUE (group_id, permission_id);


--
-- TOC entry 3277 (class 2606 OID 114799)
-- Name: auth_group_permissions auth_group_permissions_pkey; Type: CONSTRAINT; Schema: public; Owner: edp
--

ALTER TABLE ONLY public.auth_group_permissions
    ADD CONSTRAINT auth_group_permissions_pkey PRIMARY KEY (id);


--
-- TOC entry 3271 (class 2606 OID 114801)
-- Name: auth_group auth_group_pkey; Type: CONSTRAINT; Schema: public; Owner: edp
--

ALTER TABLE ONLY public.auth_group
    ADD CONSTRAINT auth_group_pkey PRIMARY KEY (id);


--
-- TOC entry 3280 (class 2606 OID 114803)
-- Name: auth_permission auth_permission_content_type_id_codename_01ab375a_uniq; Type: CONSTRAINT; Schema: public; Owner: edp
--

ALTER TABLE ONLY public.auth_permission
    ADD CONSTRAINT auth_permission_content_type_id_codename_01ab375a_uniq UNIQUE (content_type_id, codename);


--
-- TOC entry 3282 (class 2606 OID 114805)
-- Name: auth_permission auth_permission_pkey; Type: CONSTRAINT; Schema: public; Owner: edp
--

ALTER TABLE ONLY public.auth_permission
    ADD CONSTRAINT auth_permission_pkey PRIMARY KEY (id);


--
-- TOC entry 3290 (class 2606 OID 114807)
-- Name: auth_user_groups auth_user_groups_pkey; Type: CONSTRAINT; Schema: public; Owner: edp
--

ALTER TABLE ONLY public.auth_user_groups
    ADD CONSTRAINT auth_user_groups_pkey PRIMARY KEY (id);


--
-- TOC entry 3293 (class 2606 OID 114809)
-- Name: auth_user_groups auth_user_groups_user_id_group_id_94350c0c_uniq; Type: CONSTRAINT; Schema: public; Owner: edp
--

ALTER TABLE ONLY public.auth_user_groups
    ADD CONSTRAINT auth_user_groups_user_id_group_id_94350c0c_uniq UNIQUE (user_id, group_id);


--
-- TOC entry 3284 (class 2606 OID 114811)
-- Name: auth_user auth_user_pkey; Type: CONSTRAINT; Schema: public; Owner: edp
--

ALTER TABLE ONLY public.auth_user
    ADD CONSTRAINT auth_user_pkey PRIMARY KEY (id);


--
-- TOC entry 3296 (class 2606 OID 114813)
-- Name: auth_user_user_permissions auth_user_user_permissions_pkey; Type: CONSTRAINT; Schema: public; Owner: edp
--

ALTER TABLE ONLY public.auth_user_user_permissions
    ADD CONSTRAINT auth_user_user_permissions_pkey PRIMARY KEY (id);


--
-- TOC entry 3299 (class 2606 OID 114815)
-- Name: auth_user_user_permissions auth_user_user_permissions_user_id_permission_id_14a6b632_uniq; Type: CONSTRAINT; Schema: public; Owner: edp
--

ALTER TABLE ONLY public.auth_user_user_permissions
    ADD CONSTRAINT auth_user_user_permissions_user_id_permission_id_14a6b632_uniq UNIQUE (user_id, permission_id);


--
-- TOC entry 3287 (class 2606 OID 114817)
-- Name: auth_user auth_user_username_key; Type: CONSTRAINT; Schema: public; Owner: edp
--

ALTER TABLE ONLY public.auth_user
    ADD CONSTRAINT auth_user_username_key UNIQUE (username);


--
-- TOC entry 3302 (class 2606 OID 114819)
-- Name: authtoken_token authtoken_token_pkey; Type: CONSTRAINT; Schema: public; Owner: edp
--

ALTER TABLE ONLY public.authtoken_token
    ADD CONSTRAINT authtoken_token_pkey PRIMARY KEY (key);


--
-- TOC entry 3304 (class 2606 OID 114821)
-- Name: authtoken_token authtoken_token_user_id_key; Type: CONSTRAINT; Schema: public; Owner: edp
--

ALTER TABLE ONLY public.authtoken_token
    ADD CONSTRAINT authtoken_token_user_id_key UNIQUE (user_id);


--
-- TOC entry 3307 (class 2606 OID 114823)
-- Name: django_admin_log django_admin_log_pkey; Type: CONSTRAINT; Schema: public; Owner: edp
--

ALTER TABLE ONLY public.django_admin_log
    ADD CONSTRAINT django_admin_log_pkey PRIMARY KEY (id);


--
-- TOC entry 3310 (class 2606 OID 114825)
-- Name: django_content_type django_content_type_app_label_model_76bd3d3b_uniq; Type: CONSTRAINT; Schema: public; Owner: edp
--

ALTER TABLE ONLY public.django_content_type
    ADD CONSTRAINT django_content_type_app_label_model_76bd3d3b_uniq UNIQUE (app_label, model);


--
-- TOC entry 3312 (class 2606 OID 114827)
-- Name: django_content_type django_content_type_pkey; Type: CONSTRAINT; Schema: public; Owner: edp
--

ALTER TABLE ONLY public.django_content_type
    ADD CONSTRAINT django_content_type_pkey PRIMARY KEY (id);


--
-- TOC entry 3314 (class 2606 OID 114829)
-- Name: django_migrations django_migrations_pkey; Type: CONSTRAINT; Schema: public; Owner: edp
--

ALTER TABLE ONLY public.django_migrations
    ADD CONSTRAINT django_migrations_pkey PRIMARY KEY (id);


--
-- TOC entry 3317 (class 2606 OID 114831)
-- Name: django_session django_session_pkey; Type: CONSTRAINT; Schema: public; Owner: edp
--

ALTER TABLE ONLY public.django_session
    ADD CONSTRAINT django_session_pkey PRIMARY KEY (session_key);


--
-- TOC entry 3320 (class 2606 OID 114833)
-- Name: speed_penalty speed_penalty_pkey; Type: CONSTRAINT; Schema: public; Owner: edp
--

ALTER TABLE ONLY public.speed_penalty
    ADD CONSTRAINT speed_penalty_pkey PRIMARY KEY (id);


--
-- TOC entry 3325 (class 2606 OID 114835)
-- Name: speed_speedlimit speed_speedlimit_pkey; Type: CONSTRAINT; Schema: public; Owner: edp
--

ALTER TABLE ONLY public.speed_speedlimit
    ADD CONSTRAINT speed_speedlimit_pkey PRIMARY KEY (id);


--
-- TOC entry 3327 (class 2606 OID 114837)
-- Name: speed_userinfo speed_userinfo_user_id_d0fabb29_pk; Type: CONSTRAINT; Schema: public; Owner: edp
--

ALTER TABLE ONLY public.speed_userinfo
    ADD CONSTRAINT speed_userinfo_user_id_d0fabb29_pk PRIMARY KEY (user_id);


--
-- TOC entry 3329 (class 2606 OID 114839)
-- Name: speed_vehicle speed_vehicle_pkey; Type: CONSTRAINT; Schema: public; Owner: edp
--

ALTER TABLE ONLY public.speed_vehicle
    ADD CONSTRAINT speed_vehicle_pkey PRIMARY KEY (register_no);


--
-- TOC entry 3332 (class 2606 OID 114950)
-- Name: speed_vehicle_user speed_vehicle_user_pkey; Type: CONSTRAINT; Schema: public; Owner: edp
--

ALTER TABLE ONLY public.speed_vehicle_user
    ADD CONSTRAINT speed_vehicle_user_pkey PRIMARY KEY (id);


--
-- TOC entry 3337 (class 2606 OID 114952)
-- Name: speed_vehicle_user speed_vehicle_user_vehicle_id_user_id_e0f5670e_uniq; Type: CONSTRAINT; Schema: public; Owner: edp
--

ALTER TABLE ONLY public.speed_vehicle_user
    ADD CONSTRAINT speed_vehicle_user_vehicle_id_user_id_e0f5670e_uniq UNIQUE (vehicle_id, user_id);


--
-- TOC entry 3255 (class 1259 OID 114842)
-- Name: account_emailaddress_email_03be32b2_like; Type: INDEX; Schema: public; Owner: edp
--

CREATE INDEX account_emailaddress_email_03be32b2_like ON public.account_emailaddress USING btree (email varchar_pattern_ops);


--
-- TOC entry 3260 (class 1259 OID 114843)
-- Name: account_emailaddress_user_id_2c513194; Type: INDEX; Schema: public; Owner: edp
--

CREATE INDEX account_emailaddress_user_id_2c513194 ON public.account_emailaddress USING btree (user_id);


--
-- TOC entry 3261 (class 1259 OID 114844)
-- Name: account_emailconfirmation_email_address_id_5b7f8c58; Type: INDEX; Schema: public; Owner: edp
--

CREATE INDEX account_emailconfirmation_email_address_id_5b7f8c58 ON public.account_emailconfirmation USING btree (email_address_id);


--
-- TOC entry 3262 (class 1259 OID 114845)
-- Name: account_emailconfirmation_key_f43612bd_like; Type: INDEX; Schema: public; Owner: edp
--

CREATE INDEX account_emailconfirmation_key_f43612bd_like ON public.account_emailconfirmation USING btree (key varchar_pattern_ops);


--
-- TOC entry 3267 (class 1259 OID 114846)
-- Name: auth_group_name_a6ea08ec_like; Type: INDEX; Schema: public; Owner: edp
--

CREATE INDEX auth_group_name_a6ea08ec_like ON public.auth_group USING btree (name varchar_pattern_ops);


--
-- TOC entry 3272 (class 1259 OID 114847)
-- Name: auth_group_permissions_group_id_b120cbf9; Type: INDEX; Schema: public; Owner: edp
--

CREATE INDEX auth_group_permissions_group_id_b120cbf9 ON public.auth_group_permissions USING btree (group_id);


--
-- TOC entry 3275 (class 1259 OID 114848)
-- Name: auth_group_permissions_permission_id_84c5c92e; Type: INDEX; Schema: public; Owner: edp
--

CREATE INDEX auth_group_permissions_permission_id_84c5c92e ON public.auth_group_permissions USING btree (permission_id);


--
-- TOC entry 3278 (class 1259 OID 114849)
-- Name: auth_permission_content_type_id_2f476e4b; Type: INDEX; Schema: public; Owner: edp
--

CREATE INDEX auth_permission_content_type_id_2f476e4b ON public.auth_permission USING btree (content_type_id);


--
-- TOC entry 3288 (class 1259 OID 114850)
-- Name: auth_user_groups_group_id_97559544; Type: INDEX; Schema: public; Owner: edp
--

CREATE INDEX auth_user_groups_group_id_97559544 ON public.auth_user_groups USING btree (group_id);


--
-- TOC entry 3291 (class 1259 OID 114851)
-- Name: auth_user_groups_user_id_6a12ed8b; Type: INDEX; Schema: public; Owner: edp
--

CREATE INDEX auth_user_groups_user_id_6a12ed8b ON public.auth_user_groups USING btree (user_id);


--
-- TOC entry 3294 (class 1259 OID 114852)
-- Name: auth_user_user_permissions_permission_id_1fbb5f2c; Type: INDEX; Schema: public; Owner: edp
--

CREATE INDEX auth_user_user_permissions_permission_id_1fbb5f2c ON public.auth_user_user_permissions USING btree (permission_id);


--
-- TOC entry 3297 (class 1259 OID 114853)
-- Name: auth_user_user_permissions_user_id_a95ead1b; Type: INDEX; Schema: public; Owner: edp
--

CREATE INDEX auth_user_user_permissions_user_id_a95ead1b ON public.auth_user_user_permissions USING btree (user_id);


--
-- TOC entry 3285 (class 1259 OID 114854)
-- Name: auth_user_username_6821ab7c_like; Type: INDEX; Schema: public; Owner: edp
--

CREATE INDEX auth_user_username_6821ab7c_like ON public.auth_user USING btree (username varchar_pattern_ops);


--
-- TOC entry 3300 (class 1259 OID 114855)
-- Name: authtoken_token_key_10f0b77e_like; Type: INDEX; Schema: public; Owner: edp
--

CREATE INDEX authtoken_token_key_10f0b77e_like ON public.authtoken_token USING btree (key varchar_pattern_ops);


--
-- TOC entry 3305 (class 1259 OID 114856)
-- Name: django_admin_log_content_type_id_c4bce8eb; Type: INDEX; Schema: public; Owner: edp
--

CREATE INDEX django_admin_log_content_type_id_c4bce8eb ON public.django_admin_log USING btree (content_type_id);


--
-- TOC entry 3308 (class 1259 OID 114857)
-- Name: django_admin_log_user_id_c564eba6; Type: INDEX; Schema: public; Owner: edp
--

CREATE INDEX django_admin_log_user_id_c564eba6 ON public.django_admin_log USING btree (user_id);


--
-- TOC entry 3315 (class 1259 OID 114858)
-- Name: django_session_expire_date_a5c62663; Type: INDEX; Schema: public; Owner: edp
--

CREATE INDEX django_session_expire_date_a5c62663 ON public.django_session USING btree (expire_date);


--
-- TOC entry 3318 (class 1259 OID 114859)
-- Name: django_session_session_key_c0390e0f_like; Type: INDEX; Schema: public; Owner: edp
--

CREATE INDEX django_session_session_key_c0390e0f_like ON public.django_session USING btree (session_key varchar_pattern_ops);


--
-- TOC entry 3321 (class 1259 OID 114860)
-- Name: speed_penalty_user_id_cff4feb5; Type: INDEX; Schema: public; Owner: edp
--

CREATE INDEX speed_penalty_user_id_cff4feb5 ON public.speed_penalty USING btree (user_id);


--
-- TOC entry 3322 (class 1259 OID 114861)
-- Name: speed_penalty_vehicle_id_7179368b; Type: INDEX; Schema: public; Owner: edp
--

CREATE INDEX speed_penalty_vehicle_id_7179368b ON public.speed_penalty USING btree (vehicle_id);


--
-- TOC entry 3323 (class 1259 OID 114862)
-- Name: speed_penalty_vehicle_id_7179368b_like; Type: INDEX; Schema: public; Owner: edp
--

CREATE INDEX speed_penalty_vehicle_id_7179368b_like ON public.speed_penalty USING btree (vehicle_id varchar_pattern_ops);


--
-- TOC entry 3330 (class 1259 OID 114863)
-- Name: speed_vehicle_register_no_0b0787ac_like; Type: INDEX; Schema: public; Owner: edp
--

CREATE INDEX speed_vehicle_register_no_0b0787ac_like ON public.speed_vehicle USING btree (register_no varchar_pattern_ops);


--
-- TOC entry 3333 (class 1259 OID 114965)
-- Name: speed_vehicle_user_user_id_ac5c8080; Type: INDEX; Schema: public; Owner: edp
--

CREATE INDEX speed_vehicle_user_user_id_ac5c8080 ON public.speed_vehicle_user USING btree (user_id);


--
-- TOC entry 3334 (class 1259 OID 114963)
-- Name: speed_vehicle_user_vehicle_id_537b46c9; Type: INDEX; Schema: public; Owner: edp
--

CREATE INDEX speed_vehicle_user_vehicle_id_537b46c9 ON public.speed_vehicle_user USING btree (vehicle_id);


--
-- TOC entry 3335 (class 1259 OID 114964)
-- Name: speed_vehicle_user_vehicle_id_537b46c9_like; Type: INDEX; Schema: public; Owner: edp
--

CREATE INDEX speed_vehicle_user_vehicle_id_537b46c9_like ON public.speed_vehicle_user USING btree (vehicle_id varchar_pattern_ops);


--
-- TOC entry 3338 (class 2606 OID 114864)
-- Name: account_emailaddress account_emailaddress_user_id_2c513194_fk_auth_user_id; Type: FK CONSTRAINT; Schema: public; Owner: edp
--

ALTER TABLE ONLY public.account_emailaddress
    ADD CONSTRAINT account_emailaddress_user_id_2c513194_fk_auth_user_id FOREIGN KEY (user_id) REFERENCES public.auth_user(id) DEFERRABLE INITIALLY DEFERRED;


--
-- TOC entry 3339 (class 2606 OID 114869)
-- Name: account_emailconfirmation account_emailconfirm_email_address_id_5b7f8c58_fk_account_e; Type: FK CONSTRAINT; Schema: public; Owner: edp
--

ALTER TABLE ONLY public.account_emailconfirmation
    ADD CONSTRAINT account_emailconfirm_email_address_id_5b7f8c58_fk_account_e FOREIGN KEY (email_address_id) REFERENCES public.account_emailaddress(id) DEFERRABLE INITIALLY DEFERRED;


--
-- TOC entry 3340 (class 2606 OID 114874)
-- Name: auth_group_permissions auth_group_permissio_permission_id_84c5c92e_fk_auth_perm; Type: FK CONSTRAINT; Schema: public; Owner: edp
--

ALTER TABLE ONLY public.auth_group_permissions
    ADD CONSTRAINT auth_group_permissio_permission_id_84c5c92e_fk_auth_perm FOREIGN KEY (permission_id) REFERENCES public.auth_permission(id) DEFERRABLE INITIALLY DEFERRED;


--
-- TOC entry 3341 (class 2606 OID 114879)
-- Name: auth_group_permissions auth_group_permissions_group_id_b120cbf9_fk_auth_group_id; Type: FK CONSTRAINT; Schema: public; Owner: edp
--

ALTER TABLE ONLY public.auth_group_permissions
    ADD CONSTRAINT auth_group_permissions_group_id_b120cbf9_fk_auth_group_id FOREIGN KEY (group_id) REFERENCES public.auth_group(id) DEFERRABLE INITIALLY DEFERRED;


--
-- TOC entry 3342 (class 2606 OID 114884)
-- Name: auth_permission auth_permission_content_type_id_2f476e4b_fk_django_co; Type: FK CONSTRAINT; Schema: public; Owner: edp
--

ALTER TABLE ONLY public.auth_permission
    ADD CONSTRAINT auth_permission_content_type_id_2f476e4b_fk_django_co FOREIGN KEY (content_type_id) REFERENCES public.django_content_type(id) DEFERRABLE INITIALLY DEFERRED;


--
-- TOC entry 3343 (class 2606 OID 114889)
-- Name: auth_user_groups auth_user_groups_group_id_97559544_fk_auth_group_id; Type: FK CONSTRAINT; Schema: public; Owner: edp
--

ALTER TABLE ONLY public.auth_user_groups
    ADD CONSTRAINT auth_user_groups_group_id_97559544_fk_auth_group_id FOREIGN KEY (group_id) REFERENCES public.auth_group(id) DEFERRABLE INITIALLY DEFERRED;


--
-- TOC entry 3344 (class 2606 OID 114894)
-- Name: auth_user_groups auth_user_groups_user_id_6a12ed8b_fk_auth_user_id; Type: FK CONSTRAINT; Schema: public; Owner: edp
--

ALTER TABLE ONLY public.auth_user_groups
    ADD CONSTRAINT auth_user_groups_user_id_6a12ed8b_fk_auth_user_id FOREIGN KEY (user_id) REFERENCES public.auth_user(id) DEFERRABLE INITIALLY DEFERRED;


--
-- TOC entry 3345 (class 2606 OID 114899)
-- Name: auth_user_user_permissions auth_user_user_permi_permission_id_1fbb5f2c_fk_auth_perm; Type: FK CONSTRAINT; Schema: public; Owner: edp
--

ALTER TABLE ONLY public.auth_user_user_permissions
    ADD CONSTRAINT auth_user_user_permi_permission_id_1fbb5f2c_fk_auth_perm FOREIGN KEY (permission_id) REFERENCES public.auth_permission(id) DEFERRABLE INITIALLY DEFERRED;


--
-- TOC entry 3346 (class 2606 OID 114904)
-- Name: auth_user_user_permissions auth_user_user_permissions_user_id_a95ead1b_fk_auth_user_id; Type: FK CONSTRAINT; Schema: public; Owner: edp
--

ALTER TABLE ONLY public.auth_user_user_permissions
    ADD CONSTRAINT auth_user_user_permissions_user_id_a95ead1b_fk_auth_user_id FOREIGN KEY (user_id) REFERENCES public.auth_user(id) DEFERRABLE INITIALLY DEFERRED;


--
-- TOC entry 3347 (class 2606 OID 114909)
-- Name: authtoken_token authtoken_token_user_id_35299eff_fk_auth_user_id; Type: FK CONSTRAINT; Schema: public; Owner: edp
--

ALTER TABLE ONLY public.authtoken_token
    ADD CONSTRAINT authtoken_token_user_id_35299eff_fk_auth_user_id FOREIGN KEY (user_id) REFERENCES public.auth_user(id) DEFERRABLE INITIALLY DEFERRED;


--
-- TOC entry 3348 (class 2606 OID 114914)
-- Name: django_admin_log django_admin_log_content_type_id_c4bce8eb_fk_django_co; Type: FK CONSTRAINT; Schema: public; Owner: edp
--

ALTER TABLE ONLY public.django_admin_log
    ADD CONSTRAINT django_admin_log_content_type_id_c4bce8eb_fk_django_co FOREIGN KEY (content_type_id) REFERENCES public.django_content_type(id) DEFERRABLE INITIALLY DEFERRED;


--
-- TOC entry 3349 (class 2606 OID 114919)
-- Name: django_admin_log django_admin_log_user_id_c564eba6_fk_auth_user_id; Type: FK CONSTRAINT; Schema: public; Owner: edp
--

ALTER TABLE ONLY public.django_admin_log
    ADD CONSTRAINT django_admin_log_user_id_c564eba6_fk_auth_user_id FOREIGN KEY (user_id) REFERENCES public.auth_user(id) DEFERRABLE INITIALLY DEFERRED;


--
-- TOC entry 3350 (class 2606 OID 114924)
-- Name: speed_penalty speed_penalty_user_id_cff4feb5_fk_auth_user_id; Type: FK CONSTRAINT; Schema: public; Owner: edp
--

ALTER TABLE ONLY public.speed_penalty
    ADD CONSTRAINT speed_penalty_user_id_cff4feb5_fk_auth_user_id FOREIGN KEY (user_id) REFERENCES public.auth_user(id) DEFERRABLE INITIALLY DEFERRED;


--
-- TOC entry 3351 (class 2606 OID 114929)
-- Name: speed_penalty speed_penalty_vehicle_id_7179368b_fk_speed_vehicle_register_no; Type: FK CONSTRAINT; Schema: public; Owner: edp
--

ALTER TABLE ONLY public.speed_penalty
    ADD CONSTRAINT speed_penalty_vehicle_id_7179368b_fk_speed_vehicle_register_no FOREIGN KEY (vehicle_id) REFERENCES public.speed_vehicle(register_no) DEFERRABLE INITIALLY DEFERRED;


--
-- TOC entry 3352 (class 2606 OID 114934)
-- Name: speed_userinfo speed_userinfo_user_id_d0fabb29_fk_auth_user_id; Type: FK CONSTRAINT; Schema: public; Owner: edp
--

ALTER TABLE ONLY public.speed_userinfo
    ADD CONSTRAINT speed_userinfo_user_id_d0fabb29_fk_auth_user_id FOREIGN KEY (user_id) REFERENCES public.auth_user(id) DEFERRABLE INITIALLY DEFERRED;


--
-- TOC entry 3353 (class 2606 OID 114958)
-- Name: speed_vehicle_user speed_vehicle_user_user_id_ac5c8080_fk_auth_user_id; Type: FK CONSTRAINT; Schema: public; Owner: edp
--

ALTER TABLE ONLY public.speed_vehicle_user
    ADD CONSTRAINT speed_vehicle_user_user_id_ac5c8080_fk_auth_user_id FOREIGN KEY (user_id) REFERENCES public.auth_user(id) DEFERRABLE INITIALLY DEFERRED;


--
-- TOC entry 3354 (class 2606 OID 114953)
-- Name: speed_vehicle_user speed_vehicle_user_vehicle_id_537b46c9_fk_speed_veh; Type: FK CONSTRAINT; Schema: public; Owner: edp
--

ALTER TABLE ONLY public.speed_vehicle_user
    ADD CONSTRAINT speed_vehicle_user_vehicle_id_537b46c9_fk_speed_veh FOREIGN KEY (vehicle_id) REFERENCES public.speed_vehicle(register_no) DEFERRABLE INITIALLY DEFERRED;


-- Completed on 2023-05-01 07:32:30

--
-- PostgreSQL database dump complete
--

